grid_idx,min_time_sec,grid_id
51,525.6,0_51
52,382.5,0_52
53,343.6,0_53
122,405.0,1_51
123,347.8,1_52
124,313.8,1_53
125,510.5,1_54
128,203.2,1_57
129,177.1,1_58
174,517.9,2_32
175,504.1,2_33
176,532.4,2_34
177,479.6,2_35
178,517.4,2_36
192,506.6,2_50
193,385.5,2_51
194,343.6,2_52
195,269.1,2_53
196,542.7,2_54
197,185.5,2_55
198,168.0,2_56
199,192.8,2_57
200,159.0,2_58
237,420.1,3_24
242,547.4,3_29
243,507.3,3_30
244,509.9,3_31
245,597.8,3_32
246,510.9,3_33
247,549.2,3_34
248,443.9,3_35
249,503.1,3_36
260,420.5,3_47
261,447.8,3_48
262,386.1,3_49
263,353.7,3_50
264,315.5,3_51
265,378.6,3_52
266,300.4,3_53
267,224.1,3_54
268,219.7,3_55
269,84.5,3_56
270,99.1,3_57
271,252.8,3_58
304,446.4,4_20
305,483.6,4_21
306,387.5,4_22
307,402.1,4_23
308,363.6,4_24
309,291.7,4_25
310,316.9,4_26
311,378.5,4_27
312,513.8,4_28
313,496.6,4_29
314,496.9,4_30
315,558.2,4_31
316,520.0,4_32
317,519.6,4_33
318,468.6,4_34
319,404.5,4_35
320,388.9,4_36
321,339.3,4_37
329,412.0,4_45
330,382.8,4_46
331,430.7,4_47
332,412.6,4_48
333,353.7,4_49
334,312.8,4_50
335,293.6,4_51
336,322.8,4_52
337,240.9,4_53
338,174.1,4_54
339,157.8,4_55
340,0.0,4_56
341,121.3,4_57
342,151.9,4_58
373,399.4,5_18
375,305.9,5_20
376,369.0,5_21
377,338.9,5_22
378,376.8,5_23
379,283.4,5_24
380,255.0,5_25
381,270.6,5_26
382,303.8,5_27
383,412.7,5_28
384,397.1,5_29
385,393.8,5_30
386,435.7,5_31
387,434.6,5_32
388,486.5,5_33
389,472.9,5_34
390,396.0,5_35
391,416.2,5_36
392,484.6,5_37
393,384.8,5_38
400,501.3,5_45
401,372.4,5_46
402,330.7,5_47
403,309.7,5_48
404,295.1,5_49
405,252.7,5_50
406,276.6,5_51
407,296.5,5_52
408,265.1,5_53
409,176.2,5_54
410,130.6,5_55
411,74.3,5_56
412,170.5,5_57
413,299.7,5_58
414,329.5,5_59
415,438.2,5_60
416,385.8,5_61
444,681.9,6_18
445,379.2,6_19
446,340.8,6_20
447,288.1,6_21
448,300.1,6_22
449,256.4,6_23
450,213.4,6_24
451,219.8,6_25
452,221.2,6_26
453,251.8,6_27
454,320.7,6_28
455,341.2,6_29
456,397.4,6_30
457,388.4,6_31
458,440.7,6_32
459,462.6,6_33
460,432.8,6_34
461,437.5,6_35
462,459.4,6_36
463,424.6,6_37
471,392.7,6_45
472,366.0,6_46
473,274.0,6_47
474,358.3,6_48
475,231.2,6_49
476,200.5,6_50
477,243.6,6_51
478,318.6,6_52
479,270.5,6_53
480,391.2,6_54
481,149.4,6_55
482,137.9,6_56
483,186.6,6_57
484,236.2,6_58
485,282.4,6_59
486,479.2,6_60
487,385.6,6_61
516,392.9,7_19
517,341.9,7_20
518,333.2,7_21
519,254.4,7_22
520,211.7,7_23
521,177.7,7_24
522,128.4,7_25
523,158.0,7_26
524,212.7,7_27
525,287.0,7_28
526,303.7,7_29
527,373.8,7_30
528,336.6,7_31
529,366.1,7_32
530,387.3,7_33
531,429.6,7_34
532,335.7,7_35
533,349.7,7_36
534,391.7,7_37
535,246.9,7_38
536,280.6,7_39
537,319.9,7_40
543,370.0,7_46
544,263.2,7_47
545,269.6,7_48
546,197.8,7_49
547,145.3,7_50
548,186.1,7_51
549,213.2,7_52
550,236.1,7_53
551,198.1,7_54
552,171.3,7_55
553,214.9,7_56
554,220.7,7_57
555,287.1,7_58
556,425.9,7_59
557,428.2,7_60
558,471.1,7_61
559,516.5,7_62
560,824.7,7_63
586,466.0,8_18
587,404.0,8_19
588,322.1,8_20
589,322.2,8_21
590,267.3,8_22
591,263.8,8_23
592,0.0,8_24
593,231.4,8_25
594,154.4,8_26
595,259.9,8_27
596,236.5,8_28
597,273.0,8_29
598,329.8,8_30
599,301.8,8_31
600,285.2,8_32
601,440.0,8_33
602,378.0,8_34
603,328.4,8_35
604,254.2,8_36
605,309.2,8_37
606,225.0,8_38
607,257.6,8_39
608,345.7,8_40
609,294.4,8_41
614,344.4,8_46
615,274.1,8_47
616,202.1,8_48
617,158.2,8_49
618,108.4,8_50
619,99.3,8_51
620,233.5,8_52
621,212.2,8_53
622,299.0,8_54
623,240.9,8_55
624,333.5,8_56
625,389.5,8_57
626,528.2,8_58
627,353.0,8_59
628,375.9,8_60
629,463.9,8_61
630,505.0,8_62
631,748.8,8_63
656,404.7,9_17
657,368.7,9_18
658,453.3,9_19
659,329.9,9_20
660,257.9,9_21
661,214.1,9_22
662,161.1,9_23
663,138.0,9_24
664,214.3,9_25
665,225.2,9_26
666,242.1,9_27
667,180.2,9_28
668,251.6,9_29
669,287.0,9_30
670,254.3,9_31
671,237.6,9_32
672,246.2,9_33
673,293.5,9_34
674,297.6,9_35
675,220.0,9_36
676,210.3,9_37
677,197.6,9_38
678,266.1,9_39
679,331.2,9_40
680,257.5,9_41
681,283.5,9_42
682,211.5,9_43
683,290.1,9_44
684,341.6,9_45
685,345.1,9_46
686,298.5,9_47
687,332.7,9_48
688,168.3,9_49
689,89.8,9_50
690,0.0,9_51
691,98.2,9_52
692,165.4,9_53
693,203.5,9_54
694,273.2,9_55
695,327.5,9_56
696,392.7,9_57
697,507.9,9_58
698,440.7,9_59
699,459.8,9_60
700,454.9,9_61
701,474.7,9_62
702,733.9,9_63
728,363.3,10_18
729,353.6,10_19
730,338.2,10_20
731,281.0,10_21
732,272.0,10_22
733,248.6,10_23
734,181.1,10_24
735,192.9,10_25
736,263.3,10_26
737,289.7,10_27
738,223.4,10_28
739,184.1,10_29
740,235.5,10_30
741,162.3,10_31
742,180.7,10_32
743,231.4,10_33
744,264.7,10_34
745,267.5,10_35
746,264.3,10_36
747,174.8,10_37
748,174.1,10_38
749,208.5,10_39
750,255.1,10_40
751,240.0,10_41
752,195.4,10_42
753,229.6,10_43
754,369.7,10_44
755,327.3,10_45
756,332.8,10_46
757,355.9,10_47
758,271.6,10_48
759,278.4,10_49
760,99.4,10_50
761,79.5,10_51
762,105.9,10_52
763,156.6,10_53
764,190.6,10_54
765,232.5,10_55
766,409.5,10_56
767,273.7,10_57
768,305.5,10_58
769,395.2,10_59
770,394.3,10_60
771,404.4,10_61
772,491.3,10_62
773,568.9,10_63
774,664.6,10_64
800,409.8,11_19
801,379.8,11_20
802,380.3,11_21
803,274.7,11_22
804,310.3,11_23
805,244.6,11_24
806,243.1,11_25
807,252.1,11_26
808,216.2,11_27
809,224.1,11_28
810,124.1,11_29
811,121.2,11_30
812,0.0,11_31
813,125.6,11_32
814,335.0,11_33
815,277.1,11_34
816,308.7,11_35
817,269.0,11_36
818,189.7,11_37
819,118.4,11_38
820,153.5,11_39
821,130.6,11_40
822,106.8,11_41
823,152.1,11_42
824,175.1,11_43
825,184.7,11_44
826,212.0,11_45
827,242.3,11_46
828,317.8,11_47
829,281.9,11_48
830,241.9,11_49
831,188.7,11_50
832,140.6,11_51
833,184.7,11_52
834,222.1,11_53
835,230.5,11_54
836,235.0,11_55
837,336.4,11_56
838,378.9,11_57
839,249.0,11_58
840,316.0,11_59
841,352.2,11_60
842,377.2,11_61
843,443.9,11_62
844,502.3,11_63
845,542.6,11_64
846,537.9,11_65
871,271.3,12_19
872,424.5,12_20
873,400.6,12_21
874,374.6,12_22
875,331.0,12_23
876,296.7,12_24
877,301.0,12_25
878,267.0,12_26
879,245.8,12_27
880,161.3,12_28
881,134.8,12_29
882,222.5,12_30
883,153.5,12_31
884,88.3,12_32
885,143.8,12_33
886,226.6,12_34
887,345.8,12_35
888,281.0,12_36
889,175.3,12_37
890,118.5,12_38
891,55.6,12_39
892,53.6,12_40
893,123.3,12_41
894,172.7,12_42
895,227.2,12_43
896,272.9,12_44
897,397.3,12_45
898,306.3,12_46
899,317.5,12_47
900,206.0,12_48
901,233.6,12_49
902,242.8,12_50
903,221.5,12_51
904,228.3,12_52
905,248.4,12_53
906,266.1,12_54
907,210.8,12_55
908,204.2,12_56
909,174.7,12_57
910,205.8,12_58
911,240.6,12_59
912,291.9,12_60
913,349.8,12_61
914,438.7,12_62
915,465.0,12_63
916,518.3,12_64
917,472.0,12_65
943,364.8,13_20
944,391.9,13_21
945,366.0,13_22
946,357.3,13_23
947,337.2,13_24
948,358.5,13_25
949,327.5,13_26
950,237.0,13_27
951,220.1,13_28
952,350.3,13_29
953,325.1,13_30
954,172.6,13_31
955,194.8,13_32
956,190.2,13_33
957,245.7,13_34
958,330.4,13_35
959,276.6,13_36
960,200.8,13_37
961,184.0,13_38
962,0.0,13_39
963,81.4,13_40
964,250.6,13_41
965,178.8,13_42
966,296.5,13_43
967,285.7,13_44
968,332.5,13_45
969,280.5,13_46
970,260.8,13_47
971,301.8,13_48
972,244.1,13_49
973,223.2,13_50
974,220.4,13_51
975,277.4,13_52
976,271.1,13_53
977,273.3,13_54
978,188.6,13_55
979,108.6,13_56
980,111.9,13_57
981,171.2,13_58
982,232.6,13_59
983,331.3,13_60
984,415.9,13_61
985,351.3,13_62
986,396.1,13_63
987,435.8,13_64
1015,355.9,14_21
1016,284.9,14_22
1017,334.3,14_23
1018,378.4,14_24
1019,382.6,14_25
1020,264.5,14_26
1021,288.9,14_27
1022,275.8,14_28
1023,296.1,14_29
1024,346.0,14_30
1025,275.7,14_31
1026,277.7,14_32
1027,273.8,14_33
1028,228.0,14_34
1029,236.7,14_35
1030,219.6,14_36
1031,184.4,14_37
1032,48.0,14_38
1033,79.6,14_39
1034,135.1,14_40
1035,138.2,14_41
1036,220.7,14_42
1037,260.8,14_43
1038,228.2,14_44
1039,233.5,14_45
1040,195.5,14_46
1041,168.3,14_47
1042,141.1,14_48
1043,152.7,14_49
1044,196.5,14_50
1045,250.4,14_51
1046,329.0,14_52
1047,302.3,14_53
1048,222.0,14_54
1049,198.0,14_55
1050,156.5,14_56
1051,0.0,14_57
1052,102.3,14_58
1053,197.8,14_59
1054,244.8,14_60
1055,350.4,14_61
1056,363.6,14_62
1057,383.9,14_63
1058,443.7,14_64
1084,306.3,15_19
1086,475.6,15_21
1087,239.4,15_22
1088,324.4,15_23
1089,304.5,15_24
1090,290.9,15_25
1091,269.5,15_26
1092,193.5,15_27
1093,209.5,15_28
1094,209.2,15_29
1095,353.5,15_30
1096,284.9,15_31
1097,310.4,15_32
1098,355.8,15_33
1099,259.1,15_34
1100,211.5,15_35
1101,168.2,15_36
1102,131.9,15_37
1103,111.7,15_38
1104,217.8,15_39
1105,202.1,15_40
1106,194.5,15_41
1107,216.9,15_42
1108,272.7,15_43
1109,230.1,15_44
1110,233.8,15_45
1111,172.2,15_46
1112,190.9,15_47
1113,100.9,15_48
1114,269.9,15_49
1115,185.4,15_50
1116,215.2,15_51
1117,365.8,15_52
1118,307.8,15_53
1119,242.7,15_54
1120,261.9,15_55
1121,314.2,15_56
1122,112.1,15_57
1123,132.0,15_58
1124,210.9,15_59
1125,234.3,15_60
1126,315.2,15_61
1127,324.1,15_62
1155,233.0,16_19
1156,136.7,16_20
1157,179.3,16_21
1158,255.8,16_22
1159,300.9,16_23
1160,259.5,16_24
1161,227.7,16_25
1162,174.9,16_26
1163,160.2,16_27
1164,147.2,16_28
1165,192.4,16_29
1166,235.7,16_30
1167,224.6,16_31
1168,245.0,16_32
1169,299.6,16_33
1170,293.9,16_34
1171,237.7,16_35
1172,189.2,16_36
1173,119.2,16_37
1174,161.6,16_38
1175,185.9,16_39
1176,245.2,16_40
1177,226.6,16_41
1178,290.2,16_42
1179,313.1,16_43
1180,263.2,16_44
1181,287.7,16_45
1182,183.4,16_46
1183,132.5,16_47
1184,80.0,16_48
1185,109.1,16_49
1186,222.0,16_50
1187,323.1,16_51
1188,281.3,16_52
1189,316.6,16_53
1190,310.7,16_54
1191,314.6,16_55
1192,232.2,16_56
1193,242.4,16_57
1194,223.6,16_58
1195,242.3,16_59
1196,260.1,16_60
1197,271.9,16_61
1226,254.9,17_19
1227,141.4,17_20
1228,90.9,17_21
1229,147.8,17_22
1230,235.8,17_23
1231,241.3,17_24
1232,170.1,17_25
1233,184.5,17_26
1234,140.0,17_27
1235,79.8,17_28
1236,159.9,17_29
1237,187.6,17_30
1238,164.4,17_31
1239,265.2,17_32
1240,279.3,17_33
1241,326.3,17_34
1242,311.6,17_35
1243,229.2,17_36
1244,305.2,17_37
1245,310.7,17_38
1246,241.4,17_39
1247,223.4,17_40
1248,236.7,17_41
1249,308.1,17_42
1250,301.1,17_43
1251,305.5,17_44
1252,247.6,17_45
1253,208.2,17_46
1254,128.6,17_47
1255,0.0,17_48
1256,164.3,17_49
1257,213.1,17_50
1258,325.6,17_51
1259,337.1,17_52
1260,437.2,17_53
1261,326.3,17_54
1262,288.6,17_55
1263,305.9,17_56
1264,291.8,17_57
1265,283.7,17_58
1266,246.8,17_59
1267,288.8,17_60
1297,151.8,18_19
1298,129.3,18_20
1299,0.0,18_21
1300,119.0,18_22
1301,179.5,18_23
1302,227.8,18_24
1303,194.3,18_25
1304,106.3,18_26
1305,153.1,18_27
1306,0.0,18_28
1307,101.8,18_29
1308,147.1,18_30
1309,201.4,18_31
1310,352.2,18_32
1311,391.9,18_33
1312,325.1,18_34
1313,299.5,18_35
1314,296.7,18_36
1315,252.1,18_37
1316,279.9,18_38
1317,218.5,18_39
1318,140.5,18_40
1319,239.9,18_41
1320,270.5,18_42
1321,224.3,18_43
1322,277.3,18_44
1323,290.9,18_45
1324,271.9,18_46
1325,240.5,18_47
1326,155.2,18_48
1327,201.8,18_49
1328,271.1,18_50
1329,313.1,18_51
1330,327.3,18_52
1331,303.2,18_53
1332,310.6,18_54
1333,388.6,18_55
1334,347.6,18_56
1335,329.7,18_57
1336,441.6,18_58
1337,293.6,18_59
1338,382.5,18_60
1369,150.8,19_20
1370,194.6,19_21
1371,158.5,19_22
1372,189.2,19_23
1373,295.0,19_24
1374,213.1,19_25
1375,127.6,19_26
1376,0.0,19_27
1377,98.9,19_28
1378,119.6,19_29
1379,158.7,19_30
1380,227.0,19_31
1381,313.2,19_32
1382,375.7,19_33
1383,405.1,19_34
1384,383.6,19_35
1385,345.7,19_36
1386,322.5,19_37
1387,303.3,19_38
1388,188.5,19_39
1389,160.2,19_40
1390,156.1,19_41
1391,127.1,19_42
1392,177.9,19_43
1393,220.0,19_44
1394,339.5,19_45
1395,344.3,19_46
1396,261.4,19_47
1397,184.5,19_48
1398,262.0,19_49
1399,283.3,19_50
1400,353.9,19_51
1401,309.9,19_52
1402,260.5,19_53
1403,213.6,19_54
1404,212.7,19_55
1405,298.7,19_56
1406,381.6,19_57
1407,365.8,19_58
1408,383.5,19_59
1409,433.7,19_60
1410,430.8,19_61
1440,210.2,20_20
1441,249.6,20_21
1442,203.1,20_22
1443,296.4,20_23
1444,240.3,20_24
1445,237.8,20_25
1446,91.5,20_26
1447,185.2,20_27
1448,131.3,20_28
1449,185.3,20_29
1450,171.0,20_30
1451,255.8,20_31
1452,367.3,20_32
1453,395.1,20_33
1454,457.6,20_34
1455,391.9,20_35
1456,366.6,20_36
1457,362.6,20_37
1458,261.4,20_38
1459,252.7,20_39
1460,100.6,20_40
1461,0.0,20_41
1462,90.6,20_42
1463,166.0,20_43
1464,291.0,20_44
1465,412.1,20_45
1466,301.6,20_46
1467,250.0,20_47
1468,319.3,20_48
1469,312.8,20_49
1470,297.4,20_50
1471,311.6,20_51
1472,203.6,20_52
1473,159.7,20_53
1474,170.2,20_54
1475,150.2,20_55
1476,286.3,20_56
1477,333.1,20_57
1478,405.7,20_58
1479,468.4,20_59
1480,515.6,20_60
1481,470.9,20_61
1511,327.3,21_20
1512,247.1,21_21
1513,247.6,21_22
1514,239.4,21_23
1515,168.0,21_24
1516,144.7,21_25
1517,172.4,21_26
1518,139.8,21_27
1519,139.2,21_28
1520,206.8,21_29
1521,284.3,21_30
1522,290.6,21_31
1523,331.5,21_32
1524,410.6,21_33
1525,371.6,21_34
1526,466.4,21_35
1527,366.3,21_36
1528,331.3,21_37
1529,251.7,21_38
1530,164.9,21_39
1531,82.5,21_40
1532,104.1,21_41
1533,137.0,21_42
1534,169.8,21_43
1535,248.3,21_44
1536,296.0,21_45
1537,336.9,21_46
1538,312.8,21_47
1539,473.8,21_48
1540,430.2,21_49
1541,247.0,21_50
1542,277.0,21_51
1543,172.1,21_52
1544,88.2,21_53
1545,85.6,21_54
1546,136.8,21_55
1547,195.9,21_56
1548,280.3,21_57
1549,368.7,21_58
1550,487.3,21_59
1551,449.9,21_60
1552,447.9,21_61
1582,264.7,22_20
1583,233.0,22_21
1584,296.6,22_22
1585,316.3,22_23
1586,312.2,22_24
1587,295.6,22_25
1588,346.3,22_26
1589,217.2,22_27
1590,230.9,22_28
1591,237.1,22_29
1592,286.3,22_30
1593,327.1,22_31
1594,313.7,22_32
1595,332.1,22_33
1596,328.8,22_34
1597,298.9,22_35
1598,391.6,22_36
1599,265.7,22_37
1600,324.1,22_38
1601,223.9,22_39
1602,148.3,22_40
1603,102.7,22_41
1604,148.3,22_42
1605,238.4,22_43
1606,261.0,22_44
1607,306.9,22_45
1608,354.2,22_46
1609,307.4,22_47
1610,336.7,22_48
1611,401.3,22_49
1612,352.4,22_50
1613,240.2,22_51
1614,346.2,22_52
1615,179.0,22_53
1616,0.0,22_54
1617,117.7,22_55
1618,152.7,22_56
1619,235.8,22_57
1620,306.7,22_58
1621,482.6,22_59
1622,439.2,22_60
1623,490.3,22_61
1644,649.5,23_11
1645,533.5,23_12
1646,544.0,23_13
1653,293.3,23_20
1654,324.1,23_21
1655,327.4,23_22
1656,401.6,23_23
1657,290.0,23_24
1658,341.6,23_25
1659,306.7,23_26
1660,287.5,23_27
1661,259.9,23_28
1662,216.6,23_29
1663,213.3,23_30
1664,229.0,23_31
1665,239.6,23_32
1666,267.6,23_33
1667,221.3,23_34
1668,259.4,23_35
1669,255.6,23_36
1670,288.9,23_37
1671,356.2,23_38
1672,302.5,23_39
1673,241.0,23_40
1674,230.4,23_41
1675,249.0,23_42
1676,261.7,23_43
1677,179.0,23_44
1678,187.5,23_45
1679,194.2,23_46
1680,561.6,23_47
1681,307.4,23_48
1682,331.4,23_49
1683,305.6,23_50
1684,255.1,23_51
1685,461.8,23_52
1686,196.5,23_53
1687,195.1,23_54
1688,178.3,23_55
1689,204.1,23_56
1690,218.3,23_57
1691,317.9,23_58
1692,355.1,23_59
1693,347.0,23_60
1694,343.8,23_61
1695,515.1,23_62
1715,493.3,24_11
1716,540.3,24_12
1717,537.8,24_13
1718,684.9,24_14
1723,350.4,24_19
1724,311.4,24_20
1725,336.8,24_21
1726,313.3,24_22
1727,374.9,24_23
1728,370.4,24_24
1729,330.2,24_25
1730,365.9,24_26
1731,286.1,24_27
1732,248.2,24_28
1733,218.0,24_29
1734,184.0,24_30
1735,153.9,24_31
1736,274.2,24_32
1737,180.0,24_33
1738,266.5,24_34
1739,300.3,24_35
1740,214.3,24_36
1741,333.4,24_37
1742,297.9,24_38
1743,264.1,24_39
1744,256.8,24_40
1745,222.7,24_41
1746,246.4,24_42
1747,283.7,24_43
1748,220.4,24_44
1749,0.0,24_45
1750,192.4,24_46
1751,375.3,24_47
1752,294.3,24_48
1753,328.0,24_49
1754,372.7,24_50
1755,343.7,24_51
1756,264.1,24_52
1757,246.2,24_53
1758,246.2,24_54
1759,212.6,24_55
1760,249.8,24_56
1761,293.3,24_57
1762,261.1,24_58
1763,615.3,24_59
1764,251.5,24_60
1765,286.6,24_61
1766,270.0,24_62
1784,488.2,25_9
1785,435.3,25_10
1786,420.0,25_11
1787,489.1,25_12
1788,466.2,25_13
1793,518.9,25_18
1794,412.4,25_19
1795,473.0,25_20
1796,360.8,25_21
1797,330.3,25_22
1798,408.4,25_23
1799,452.0,25_24
1800,424.7,25_25
1801,450.8,25_26
1802,303.5,25_27
1803,301.8,25_28
1804,188.0,25_29
1805,156.2,25_30
1806,82.2,25_31
1807,130.3,25_32
1808,115.7,25_33
1809,189.6,25_34
1810,163.1,25_35
1811,242.1,25_36
1812,307.2,25_37
1813,282.9,25_38
1814,278.7,25_39
1815,241.5,25_40
1816,316.9,25_41
1817,317.3,25_42
1818,376.3,25_43
1819,158.6,25_44
1820,147.2,25_45
1821,206.2,25_46
1822,290.7,25_47
1823,302.7,25_48
1824,345.9,25_49
1825,304.1,25_50
1826,303.9,25_51
1827,290.3,25_52
1828,295.1,25_53
1829,258.5,25_54
1830,294.7,25_55
1831,293.8,25_56
1832,660.0,25_57
1833,219.4,25_58
1834,271.7,25_59
1835,222.2,25_60
1836,232.0,25_61
1837,199.7,25_62
1838,358.3,25_63
1854,468.3,26_8
1855,486.2,26_9
1856,391.7,26_10
1857,432.0,26_11
1858,416.4,26_12
1859,429.9,26_13
1860,445.6,26_14
1863,420.9,26_17
1864,427.7,26_18
1865,400.3,26_19
1866,407.2,26_20
1867,322.7,26_21
1868,358.7,26_22
1869,371.1,26_23
1870,311.1,26_24
1871,401.8,26_25
1872,405.8,26_26
1873,309.1,26_27
1874,233.5,26_28
1875,219.4,26_29
1876,130.8,26_30
1877,76.1,26_31
1878,0.0,26_32
1879,209.1,26_33
1880,163.1,26_34
1881,210.8,26_35
1882,225.8,26_36
1883,251.6,26_37
1884,161.8,26_38
1885,228.8,26_39
1886,215.4,26_40
1887,296.6,26_41
1888,231.9,26_42
1889,223.1,26_43
1890,221.5,26_44
1891,229.7,26_45
1892,226.4,26_46
1893,282.9,26_47
1894,299.2,26_48
1895,419.1,26_49
1896,296.3,26_50
1897,316.5,26_51
1898,336.8,26_52
1899,169.8,26_53
1900,219.1,26_54
1901,223.6,26_55
1902,275.2,26_56
1903,208.1,26_57
1904,259.6,26_58
1905,168.7,26_59
1906,111.7,26_60
1907,139.7,26_61
1908,251.1,26_62
1909,283.9,26_63
1910,323.3,26_64
1925,407.7,27_8
1926,389.2,27_9
1927,351.8,27_10
1928,421.2,27_11
1929,360.9,27_12
1930,399.9,27_13
1931,323.8,27_14
1934,476.8,27_17
1935,379.3,27_18
1936,335.7,27_19
1937,319.4,27_20
1938,248.8,27_21
1939,429.5,27_22
1940,327.6,27_23
1941,328.7,27_24
1942,354.9,27_25
1943,344.0,27_26
1944,286.3,27_27
1945,185.3,27_28
1946,210.7,27_29
1947,172.2,27_30
1948,104.3,27_31
1949,93.0,27_32
1950,134.7,27_33
1951,198.2,27_34
1952,290.6,27_35
1953,242.6,27_36
1954,237.7,27_37
1955,147.1,27_38
1956,138.1,27_39
1957,155.6,27_40
1958,246.3,27_41
1959,290.5,27_42
1960,314.3,27_43
1961,306.1,27_44
1962,280.7,27_45
1963,332.5,27_46
1964,306.4,27_47
1965,338.6,27_48
1966,264.8,27_49
1967,215.1,27_50
1968,211.6,27_51
1969,191.9,27_52
1970,175.3,27_53
1971,144.8,27_54
1972,265.9,27_55
1973,239.5,27_56
1974,158.0,27_57
1975,226.1,27_58
1976,0.0,27_59
1977,86.3,27_60
1978,163.1,27_61
1979,181.8,27_62
1980,220.0,27_63
1995,467.0,28_7
1996,384.2,28_8
1997,306.4,28_9
1998,398.8,28_10
1999,327.1,28_11
2000,400.9,28_12
2001,322.0,28_13
2002,314.3,28_14
2003,434.1,28_15
2004,638.2,28_16
2005,370.7,28_17
2006,344.3,28_18
2007,272.3,28_19
2008,263.0,28_20
2009,212.8,28_21
2010,260.7,28_22
2011,253.1,28_23
2012,296.1,28_24
2013,364.7,28_25
2014,347.5,28_26
2015,267.4,28_27
2016,233.6,28_28
2017,275.5,28_29
2018,217.8,28_30
2019,143.0,28_31
2020,143.5,28_32
2021,170.5,28_33
2022,217.5,28_34
2023,239.2,28_35
2024,285.0,28_36
2025,221.0,28_37
2026,119.1,28_38
2027,0.0,28_39
2028,183.3,28_40
2029,242.5,28_41
2030,334.6,28_42
2031,322.1,28_43
2032,325.0,28_44
2033,442.3,28_45
2034,385.3,28_46
2035,432.2,28_47
2036,301.1,28_48
2037,274.5,28_49
2038,214.9,28_50
2039,159.8,28_51
2040,152.5,28_52
2041,52.7,28_53
2042,91.3,28_54
2043,266.4,28_55
2044,171.6,28_56
2045,154.6,28_57
2046,99.0,28_58
2047,113.1,28_59
2048,154.4,28_60
2049,154.9,28_61
2050,227.7,28_62
2051,333.3,28_63
2052,381.5,28_64
2066,430.7,29_7
2067,399.3,29_8
2068,391.5,29_9
2069,308.5,29_10
2070,225.1,29_11
2071,367.5,29_12
2072,282.2,29_13
2073,261.8,29_14
2074,311.5,29_15
2075,315.1,29_16
2076,320.6,29_17
2077,284.2,29_18
2078,255.1,29_19
2079,230.7,29_20
2080,181.3,29_21
2081,207.5,29_22
2082,204.1,29_23
2083,251.0,29_24
2084,254.1,29_25
2085,308.2,29_26
2086,306.5,29_27
2087,284.0,29_28
2088,252.1,29_29
2089,206.9,29_30
2090,159.8,29_31
2091,166.1,29_32
2092,158.3,29_33
2093,141.0,29_34
2094,190.2,29_35
2095,245.9,29_36
2096,254.6,29_37
2097,311.6,29_38
2098,365.2,29_39
2099,260.0,29_40
2100,272.0,29_41
2101,345.7,29_42
2102,388.1,29_43
2103,390.4,29_44
2104,448.9,29_45
2105,460.9,29_46
2106,484.1,29_47
2107,374.0,29_48
2108,324.7,29_49
2109,272.5,29_50
2110,176.0,29_51
2111,117.2,29_52
2112,0.0,29_53
2113,112.2,29_54
2114,188.6,29_55
2115,228.4,29_56
2116,188.2,29_57
2117,136.9,29_58
2118,152.9,29_59
2119,224.0,29_60
2120,227.5,29_61
2121,249.2,29_62
2122,357.9,29_63
2123,408.9,29_64
2124,527.5,29_65
2138,509.7,30_8
2139,400.1,30_9
2140,310.3,30_10
2141,257.8,30_11
2142,144.3,30_12
2143,136.8,30_13
2144,186.0,30_14
2145,262.1,30_15
2146,297.9,30_16
2147,290.7,30_17
2148,236.8,30_18
2149,193.6,30_19
2150,213.6,30_20
2151,166.8,30_21
2152,140.1,30_22
2153,192.4,30_23
2154,219.9,30_24
2155,205.5,30_25
2156,256.6,30_26
2157,359.4,30_27
2158,346.8,30_28
2159,308.2,30_29
2160,205.6,30_30
2161,160.5,30_31
2162,213.0,30_32
2163,117.2,30_33
2164,143.6,30_34
2165,282.4,30_35
2166,290.8,30_36
2167,289.5,30_37
2168,277.0,30_38
2169,403.8,30_39
2170,400.5,30_40
2171,356.4,30_41
2172,331.9,30_42
2173,392.3,30_43
2174,417.4,30_44
2175,520.7,30_45
2176,519.9,30_46
2177,657.0,30_47
2178,422.0,30_48
2179,368.3,30_49
2180,322.9,30_50
2181,229.1,30_51
2182,231.3,30_52
2183,155.2,30_53
2184,179.9,30_54
2185,164.6,30_55
2186,253.2,30_56
2187,251.2,30_57
2188,183.6,30_58
2189,257.2,30_59
2190,274.4,30_60
2191,359.3,30_61
2192,272.9,30_62
2193,351.6,30_63
2194,435.8,30_64
2195,509.0,30_65
2209,393.4,31_8
2210,369.7,31_9
2211,298.8,31_10
2212,261.0,31_11
2213,164.5,31_12
2214,0.0,31_13
2215,173.2,31_14
2216,228.3,31_15
2217,308.6,31_16
2218,263.7,31_17
2219,203.2,31_18
2220,198.4,31_19
2221,133.5,31_20
2222,113.8,31_21
2223,0.0,31_22
2224,179.2,31_23
2225,270.0,31_24
2226,238.4,31_25
2227,338.2,31_26
2228,368.3,31_27
2229,358.0,31_28
2230,284.5,31_29
2231,249.4,31_30
2232,183.2,31_31
2233,112.0,31_32
2234,0.0,31_33
2235,181.9,31_34
2236,139.8,31_35
2237,320.2,31_36
2238,302.4,31_37
2239,498.0,31_38
2240,555.9,31_39
2241,503.8,31_40
2242,342.2,31_41
2243,422.0,31_42
2244,472.0,31_43
2245,529.6,31_44
2246,510.5,31_45
2247,515.8,31_46
2248,530.8,31_47
2249,440.2,31_48
2250,393.4,31_49
2251,333.1,31_50
2252,298.8,31_51
2253,236.4,31_52
2254,230.5,31_53
2255,190.0,31_54
2256,193.0,31_55
2257,213.8,31_56
2258,273.6,31_57
2259,279.9,31_58
2260,375.7,31_59
2261,333.9,31_60
2262,329.1,31_61
2263,372.8,31_62
2264,349.6,31_63
2265,430.3,31_64
2266,552.5,31_65
2281,387.6,32_9
2282,334.2,32_10
2283,251.5,32_11
2284,175.6,32_12
2285,118.6,32_13
2286,160.1,32_14
2287,202.1,32_15
2288,206.2,32_16
2289,267.9,32_17
2290,285.3,32_18
2291,250.9,32_19
2292,212.5,32_20
2293,178.8,32_21
2294,79.4,32_22
2295,174.8,32_23
2296,188.8,32_24
2297,273.6,32_25
2298,318.7,32_26
2299,335.9,32_27
2300,309.0,32_28
2301,262.6,32_29
2302,204.8,32_30
2303,215.4,32_31
2304,125.8,32_32
2305,116.6,32_33
2306,187.7,32_34
2307,253.0,32_35
2308,200.4,32_36
2309,339.7,32_37
2310,208.5,32_38
2311,227.5,32_39
2312,246.8,32_40
2313,267.9,32_41
2314,408.6,32_42
2315,550.8,32_43
2316,423.2,32_44
2317,347.3,32_45
2318,598.4,32_46
2319,544.5,32_47
2320,480.6,32_48
2321,390.6,32_49
2322,364.2,32_50
2323,329.3,32_51
2324,275.3,32_52
2325,218.3,32_53
2326,215.7,32_54
2327,255.0,32_55
2328,255.9,32_56
2329,322.9,32_57
2330,337.0,32_58
2331,352.3,32_59
2332,413.7,32_60
2333,402.6,32_61
2334,398.7,32_62
2335,453.7,32_63
2336,431.4,32_64
2337,458.5,32_65
2352,353.9,33_9
2353,303.0,33_10
2354,250.8,33_11
2355,202.0,33_12
2356,239.8,33_13
2357,184.2,33_14
2358,232.6,33_15
2359,284.3,33_16
2360,375.0,33_17
2361,436.9,33_18
2362,296.9,33_19
2363,258.4,33_20
2364,249.0,33_21
2365,159.1,33_22
2366,279.9,33_23
2367,220.7,33_24
2368,292.0,33_25
2369,340.1,33_26
2370,440.7,33_27
2371,324.5,33_28
2372,326.8,33_29
2373,279.8,33_30
2374,230.9,33_31
2375,213.1,33_32
2376,160.1,33_33
2377,197.9,33_34
2378,263.8,33_35
2379,199.8,33_36
2380,325.0,33_37
2381,299.9,33_38
2382,354.3,33_39
2383,406.1,33_40
2384,437.8,33_41
2385,437.1,33_42
2386,420.1,33_43
2387,334.8,33_44
2388,421.9,33_45
2389,700.2,33_46
2390,618.6,33_47
2391,516.0,33_48
2392,422.4,33_49
2393,356.6,33_50
2394,278.0,33_51
2395,230.7,33_52
2396,278.1,33_53
2397,284.2,33_54
2398,295.3,33_55
2399,451.2,33_56
2400,376.8,33_57
2401,348.0,33_58
2402,360.1,33_59
2403,357.8,33_60
2404,378.8,33_61
2405,500.6,33_62
2406,513.0,33_63
2407,512.6,33_64
2408,395.1,33_65
2411,465.0,33_68
2412,471.4,33_69
2413,642.8,33_70
2423,428.4,34_9
2424,310.8,34_10
2425,368.4,34_11
2426,271.2,34_12
2427,260.6,34_13
2428,255.7,34_14
2429,209.8,34_15
2430,271.7,34_16
2431,341.9,34_17
2432,416.7,34_18
2433,328.2,34_19
2434,325.9,34_20
2435,310.9,34_21
2436,214.4,34_22
2437,307.5,34_23
2438,298.6,34_24
2439,307.2,34_25
2440,400.5,34_26
2441,365.8,34_27
2442,285.4,34_28
2443,245.2,34_29
2444,305.3,34_30
2445,216.5,34_31
2446,195.6,34_32
2447,167.7,34_33
2448,177.1,34_34
2449,176.3,34_35
2450,196.5,34_36
2451,260.3,34_37
2452,263.6,34_38
2453,454.0,34_39
2454,494.9,34_40
2455,550.9,34_41
2456,503.9,34_42
2457,513.8,34_43
2458,593.3,34_44
2459,441.7,34_45
2460,671.2,34_46
2461,575.3,34_47
2462,492.7,34_48
2463,405.7,34_49
2464,373.2,34_50
2465,350.7,34_51
2466,334.1,34_52
2467,360.7,34_53
2468,283.6,34_54
2469,677.0,34_55
2470,463.9,34_56
2471,415.2,34_57
2472,405.7,34_58
2473,384.7,34_59
2474,283.2,34_60
2475,335.9,34_61
2476,373.6,34_62
2477,357.7,34_63
2478,560.3,34_64
2479,356.1,34_65
2480,406.0,34_66
2481,445.4,34_67
2482,461.3,34_68
2483,501.9,34_69
2484,758.4,34_70
2494,474.8,35_9
2495,348.7,35_10
2496,263.9,35_11
2497,275.1,35_12
2498,231.5,35_13
2499,255.9,35_14
2500,135.4,35_15
2501,229.4,35_16
2502,287.8,35_17
2503,267.8,35_18
2504,333.5,35_19
2505,361.9,35_20
2506,275.6,35_21
2507,245.4,35_22
2508,274.4,35_23
2509,333.2,35_24
2510,323.9,35_25
2511,299.7,35_26
2512,273.1,35_27
2513,278.8,35_28
2514,294.7,35_29
2515,179.5,35_30
2516,177.2,35_31
2517,163.0,35_32
2518,217.7,35_33
2519,121.5,35_34
2520,82.9,35_35
2521,135.3,35_36
2522,167.3,35_37
2523,300.4,35_38
2524,362.1,35_39
2525,437.9,35_40
2526,621.4,35_41
2527,455.8,35_42
2528,545.0,35_43
2529,558.3,35_44
2530,461.7,35_45
2531,686.3,35_46
2532,573.3,35_47
2533,495.2,35_48
2534,502.2,35_49
2535,581.2,35_50
2536,373.8,35_51
2537,404.5,35_52
2538,509.1,35_53
2539,367.2,35_54
2540,565.5,35_55
2541,411.0,35_56
2542,420.7,35_57
2543,385.3,35_58
2544,296.9,35_59
2545,239.7,35_60
2546,369.2,35_61
2547,308.1,35_62
2548,357.7,35_63
2549,292.6,35_64
2550,324.8,35_65
2551,309.0,35_66
2552,430.0,35_67
2553,398.8,35_68
2554,494.0,35_69
2565,419.3,36_9
2566,296.7,36_10
2567,292.1,36_11
2568,212.2,36_12
2569,179.9,36_13
2570,168.6,36_14
2571,112.1,36_15
2572,187.2,36_16
2573,189.4,36_17
2574,230.9,36_18
2575,238.9,36_19
2576,287.3,36_20
2577,299.0,36_21
2578,190.2,36_22
2579,292.7,36_23
2580,387.8,36_24
2581,298.5,36_25
2582,273.2,36_26
2583,228.0,36_27
2584,212.7,36_28
2585,172.1,36_29
2586,130.9,36_30
2587,128.3,36_31
2588,151.0,36_32
2589,132.0,36_33
2590,129.3,36_34
2591,0.0,36_35
2592,82.9,36_36
2593,221.5,36_37
2594,229.0,36_38
2595,305.3,36_39
2596,420.8,36_40
2597,488.5,36_41
2598,490.8,36_42
2599,586.5,36_43
2600,526.2,36_44
2601,535.3,36_45
2602,632.9,36_46
2603,519.9,36_47
2604,585.8,36_48
2605,571.7,36_49
2606,571.1,36_50
2607,525.9,36_51
2608,417.2,36_52
2609,379.4,36_53
2610,364.6,36_54
2611,371.0,36_55
2612,419.6,36_56
2613,312.7,36_57
2614,355.2,36_58
2615,279.8,36_59
2616,377.8,36_60
2617,162.7,36_61
2618,212.8,36_62
2619,212.2,36_63
2620,283.2,36_64
2621,238.0,36_65
2622,411.5,36_66
2623,403.4,36_67
2624,380.8,36_68
2625,437.3,36_69
2626,464.0,36_70
2636,461.5,37_9
2637,316.5,37_10
2638,271.2,37_11
2639,264.6,37_12
2640,142.2,37_13
2641,82.2,37_14
2642,0.0,37_15
2643,97.7,37_16
2644,157.2,37_17
2645,268.2,37_18
2646,298.2,37_19
2647,331.4,37_20
2648,236.7,37_21
2649,140.9,37_22
2650,292.9,37_23
2651,289.7,37_24
2652,293.6,37_25
2653,259.6,37_26
2654,157.3,37_27
2655,110.7,37_28
2656,0.0,37_29
2657,85.5,37_30
2658,252.6,37_31
2659,242.9,37_32
2660,173.9,37_33
2661,103.7,37_34
2662,119.8,37_35
2663,158.1,37_36
2664,185.8,37_37
2665,296.6,37_38
2666,319.8,37_39
2667,350.6,37_40
2668,386.9,37_41
2669,425.7,37_42
2670,498.9,37_43
2671,461.5,37_44
2672,551.4,37_45
2673,581.0,37_46
2674,533.3,37_47
2675,599.7,37_48
2676,574.9,37_49
2677,602.9,37_50
2678,490.9,37_51
2679,457.8,37_52
2680,514.6,37_53
2681,462.0,37_54
2682,359.3,37_55
2683,331.5,37_56
2684,273.3,37_57
2685,250.9,37_58
2686,195.7,37_59
2687,124.7,37_60
2688,100.3,37_61
2689,115.4,37_62
2690,153.9,37_63
2691,173.2,37_64
2692,181.7,37_65
2693,332.1,37_66
2694,339.6,37_67
2695,454.4,37_68
2696,409.7,37_69
2697,445.6,37_70
2708,304.3,38_10
2709,231.0,38_11
2710,232.9,38_12
2711,157.0,38_13
2712,113.9,38_14
2713,147.3,38_15
2714,141.9,38_16
2715,257.2,38_17
2716,284.3,38_18
2717,358.1,38_19
2718,314.8,38_20
2719,194.8,38_21
2720,0.0,38_22
2721,202.9,38_23
2722,331.5,38_24
2723,367.9,38_25
2724,285.8,38_26
2725,208.0,38_27
2726,147.9,38_28
2727,169.8,38_29
2728,149.0,38_30
2729,220.8,38_31
2730,252.1,38_32
2731,194.8,38_33
2732,132.2,38_34
2733,197.1,38_35
2734,264.7,38_36
2735,237.3,38_37
2736,359.1,38_38
2737,386.7,38_39
2738,451.2,38_40
2739,431.1,38_41
2740,506.6,38_42
2741,426.3,38_43
2742,421.5,38_44
2743,448.6,38_45
2744,607.4,38_46
2745,635.3,38_47
2746,537.6,38_48
2747,562.5,38_49
2748,607.0,38_50
2749,561.6,38_51
2750,498.2,38_52
2751,506.6,38_53
2752,472.4,38_54
2753,341.9,38_55
2754,285.5,38_56
2755,221.8,38_57
2756,213.0,38_58
2757,150.2,38_59
2758,67.7,38_60
2759,0.0,38_61
2760,64.9,38_62
2761,102.2,38_63
2762,203.4,38_64
2763,257.8,38_65
2764,247.1,38_66
2765,271.1,38_67
2766,314.4,38_68
2767,350.8,38_69
2780,311.4,39_11
2781,276.9,39_12
2782,248.7,39_13
2783,243.2,39_14
2784,199.7,39_15
2785,380.8,39_16
2786,215.3,39_17
2787,319.0,39_18
2788,291.3,39_19
2789,235.3,39_20
2790,191.0,39_21
2791,96.2,39_22
2792,114.5,39_23
2793,206.5,39_24
2794,258.1,39_25
2795,307.3,39_26
2796,209.4,39_27
2797,182.9,39_28
2798,218.2,39_29
2799,171.8,39_30
2800,187.0,39_31
2801,216.3,39_32
2802,285.1,39_33
2803,173.1,39_34
2804,225.1,39_35
2805,258.2,39_36
2806,281.4,39_37
2807,345.5,39_38
2808,438.9,39_39
2809,355.0,39_40
2810,443.4,39_41
2811,330.5,39_42
2812,359.6,39_43
2813,470.6,39_44
2814,428.8,39_45
2815,509.0,39_46
2816,441.4,39_47
2817,458.4,39_48
2818,554.9,39_49
2819,581.6,39_50
2820,561.9,39_51
2821,504.2,39_52
2822,421.3,39_53
2823,376.3,39_54
2824,355.5,39_55
2825,282.3,39_56
2826,257.7,39_57
2827,189.7,39_58
2828,145.5,39_59
2829,100.6,39_60
2830,85.3,39_61
2831,116.4,39_62
2832,178.1,39_63
2833,170.2,39_64
2834,222.2,39_65
2835,326.3,39_66
2836,359.2,39_67
2837,383.8,39_68
2838,410.2,39_69
2852,400.5,40_12
2853,230.9,40_13
2854,265.6,40_14
2855,409.3,40_15
2856,417.7,40_16
2857,302.1,40_17
2858,301.1,40_18
2859,389.3,40_19
2860,320.4,40_20
2861,525.1,40_21
2862,168.5,40_22
2863,148.7,40_23
2864,136.9,40_24
2865,231.5,40_25
2866,257.7,40_26
2867,257.8,40_27
2868,272.0,40_28
2869,365.6,40_29
2870,315.4,40_30
2871,258.1,40_31
2872,206.8,40_32
2873,204.3,40_33
2874,147.4,40_34
2875,187.8,40_35
2876,206.6,40_36
2877,233.6,40_37
2878,304.7,40_38
2879,340.8,40_39
2880,279.5,40_40
2881,282.1,40_41
2882,266.2,40_42
2883,334.9,40_43
2884,325.5,40_44
2885,374.3,40_45
2886,374.6,40_46
2887,426.8,40_47
2888,453.4,40_48
2889,510.1,40_49
2890,588.5,40_50
2891,608.9,40_51
2892,508.1,40_52
2893,439.8,40_53
2894,382.0,40_54
2895,353.6,40_55
2896,307.7,40_56
2897,270.7,40_57
2898,217.6,40_58
2899,203.3,40_59
2900,189.7,40_60
2901,166.3,40_61
2902,143.9,40_62
2903,213.7,40_63
2904,198.6,40_64
2905,223.6,40_65
2906,330.4,40_66
2908,381.5,40_68
2923,336.6,41_12
2924,306.8,41_13
2925,308.6,41_14
2926,340.4,41_15
2927,370.8,41_16
2928,359.5,41_17
2929,285.3,41_18
2930,402.8,41_19
2931,533.7,41_20
2932,442.9,41_21
2933,413.5,41_22
2934,323.6,41_23
2935,256.3,41_24
2936,188.7,41_25
2937,241.4,41_26
2938,206.8,41_27
2939,317.3,41_28
2940,301.1,41_29
2941,285.2,41_30
2942,284.2,41_31
2943,249.3,41_32
2944,238.3,41_33
2945,95.6,41_34
2946,79.4,41_35
2947,189.4,41_36
2948,177.5,41_37
2949,223.7,41_38
2950,228.3,41_39
2951,668.7,41_40
2952,520.6,41_41
2953,221.9,41_42
2954,238.3,41_43
2955,276.3,41_44
2956,252.6,41_45
2957,344.4,41_46
2958,391.3,41_47
2959,442.1,41_48
2960,516.6,41_49
2961,507.1,41_50
2962,528.9,41_51
2963,521.6,41_52
2964,508.0,41_53
2965,609.6,41_54
2966,391.0,41_55
2967,308.3,41_56
2968,307.5,41_57
2969,270.2,41_58
2970,227.9,41_59
2971,264.0,41_60
2972,194.6,41_61
2973,194.8,41_62
2976,308.9,41_65
2994,380.0,42_12
2995,356.7,42_13
2996,388.8,42_14
2997,478.8,42_15
2998,303.0,42_16
2999,296.7,42_17
3000,382.0,42_18
3001,299.5,42_19
3002,366.1,42_20
3003,397.3,42_21
3004,335.8,42_22
3005,333.2,42_23
3006,274.5,42_24
3007,209.0,42_25
3008,243.4,42_26
3009,116.1,42_27
3010,187.6,42_28
3011,431.2,42_29
3012,367.5,42_30
3013,430.0,42_31
3014,182.3,42_32
3015,172.1,42_33
3016,110.3,42_34
3017,0.0,42_35
3018,110.5,42_36
3019,160.1,42_37
3020,262.5,42_38
3021,326.9,42_39
3022,333.4,42_40
3023,177.5,42_41
3024,172.7,42_42
3025,220.7,42_43
3026,174.4,42_44
3027,227.7,42_45
3028,281.2,42_46
3029,317.8,42_47
3030,417.4,42_48
3031,426.3,42_49
3032,473.2,42_50
3033,543.1,42_51
3034,584.7,42_52
3035,529.1,42_53
3036,693.6,42_54
3037,422.6,42_55
3038,377.7,42_56
3039,359.9,42_57
3040,322.1,42_58
3041,418.5,42_59
3042,264.1,42_60
3043,240.0,42_61
3065,698.7,43_12
3066,439.3,43_13
3067,373.9,43_14
3068,363.0,43_15
3069,336.6,43_16
3070,211.9,43_17
3071,291.8,43_18
3072,226.1,43_19
3073,295.0,43_20
3074,357.3,43_21
3075,327.3,43_22
3076,264.3,43_23
3077,236.9,43_24
3078,140.3,43_25
3079,0.0,43_26
3080,125.3,43_27
3081,209.5,43_28
3082,288.1,43_29
3083,437.3,43_30
3084,279.2,43_31
3085,278.1,43_32
3086,397.9,43_33
3087,129.3,43_34
3088,67.4,43_35
3089,99.2,43_36
3090,209.3,43_37
3091,333.7,43_38
3092,328.5,43_39
3093,331.4,43_40
3094,94.2,43_41
3095,154.2,43_42
3096,105.7,43_43
3097,132.5,43_44
3098,203.3,43_45
3099,243.3,43_46
3100,300.3,43_47
3101,382.8,43_48
3102,433.8,43_49
3103,470.3,43_50
3104,501.5,43_51
3105,556.1,43_52
3106,509.1,43_53
3107,551.5,43_54
3108,497.7,43_55
3109,401.4,43_56
3110,361.8,43_57
3111,351.8,43_58
3112,335.2,43_59
3113,279.0,43_60
3135,465.6,44_11
3136,389.1,44_12
3137,346.0,44_13
3138,383.8,44_14
3139,315.3,44_15
3140,211.0,44_16
3141,271.7,44_17
3142,115.8,44_18
3143,208.6,44_19
3144,240.5,44_20
3145,258.1,44_21
3146,348.9,44_22
3147,340.7,44_23
3148,257.4,44_24
3149,203.8,44_25
3150,215.4,44_26
3151,232.6,44_27
3152,258.7,44_28
3153,322.3,44_29
3154,304.7,44_30
3155,341.2,44_31
3156,291.1,44_32
3157,191.1,44_33
3158,162.4,44_34
3159,335.0,44_35
3160,182.9,44_36
3161,158.5,44_37
3162,192.6,44_38
3163,263.2,44_39
3164,163.8,44_40
3165,125.2,44_41
3166,0.0,44_42
3167,102.9,44_43
3168,136.8,44_44
3169,201.8,44_45
3170,261.2,44_46
3171,304.6,44_47
3172,325.0,44_48
3173,385.0,44_49
3174,435.0,44_50
3175,502.6,44_51
3176,543.2,44_52
3177,551.4,44_53
3178,561.0,44_54
3183,374.5,44_59
3207,433.5,45_12
3208,319.7,45_13
3209,260.1,45_14
3210,270.5,45_15
3211,182.4,45_16
3212,96.3,45_17
3213,72.1,45_18
3214,111.8,45_19
3215,181.0,45_20
3216,206.2,45_21
3217,229.2,45_22
3218,283.7,45_23
3219,283.7,45_24
3220,263.7,45_25
3221,279.2,45_26
3222,285.0,45_27
3223,327.3,45_28
3224,379.9,45_29
3225,421.3,45_30
3226,354.1,45_31
3227,262.6,45_32
3228,233.1,45_33
3229,210.6,45_34
3230,270.4,45_35
3231,319.4,45_36
3232,253.4,45_37
3233,245.0,45_38
3234,208.6,45_39
3235,264.6,45_40
3236,247.9,45_41
3237,129.5,45_42
3238,112.2,45_43
3239,172.5,45_44
3240,239.9,45_45
3241,299.7,45_46
3242,340.8,45_47
3243,362.5,45_48
3244,383.5,45_49
3245,423.6,45_50
3246,757.5,45_51
3247,591.1,45_52
3248,529.6,45_53
3249,615.5,45_54
3273,661.1,46_7
3278,428.8,46_12
3279,329.8,46_13
3280,308.3,46_14
3281,247.9,46_15
3282,176.7,46_16
3283,107.8,46_17
3284,0.0,46_18
3285,120.6,46_19
3286,215.3,46_20
3287,214.5,46_21
3288,307.5,46_22
3289,338.8,46_23
3290,303.6,46_24
3291,311.0,46_25
3292,318.5,46_26
3293,319.0,46_27
3294,369.1,46_28
3295,370.7,46_29
3296,376.2,46_30
3297,300.2,46_31
3298,341.8,46_32
3299,422.1,46_33
3300,312.8,46_34
3301,314.0,46_35
3302,224.3,46_36
3303,319.0,46_37
3304,256.6,46_38
3305,228.6,46_39
3306,236.6,46_40
3307,131.7,46_41
3308,177.9,46_42
3309,215.5,46_43
3310,226.4,46_44
3311,326.7,46_45
3312,369.9,46_46
3313,402.6,46_47
3314,455.5,46_48
3315,957.1,46_49
3316,890.8,46_50
3317,771.5,46_51
3318,725.8,46_52
3319,438.4,46_53
3320,472.1,46_54
3321,528.5,46_55
3341,825.5,47_4
3342,681.7,47_5
3343,702.7,47_6
3344,640.8,47_7
3345,717.4,47_8
3346,627.0,47_9
3349,413.0,47_12
3350,383.3,47_13
3351,283.2,47_14
3352,208.9,47_15
3353,150.7,47_16
3354,120.6,47_17
3355,56.1,47_18
3356,122.5,47_19
3357,219.2,47_20
3358,221.6,47_21
3359,332.0,47_22
3360,309.7,47_23
3361,277.5,47_24
3362,379.1,47_25
3363,253.7,47_26
3364,263.5,47_27
3365,371.0,47_28
3366,379.9,47_29
3367,351.3,47_30
3368,332.8,47_31
3369,252.1,47_32
3370,210.9,47_33
3371,343.4,47_34
3372,475.2,47_35
3373,253.6,47_36
3374,247.2,47_37
3375,203.6,47_38
3376,217.2,47_39
3377,157.2,47_40
3378,178.2,47_41
3379,245.3,47_42
3380,317.6,47_43
3381,255.4,47_44
3382,360.5,47_45
3383,365.6,47_46
3384,455.5,47_47
3385,530.4,47_48
3386,957.1,47_49
3387,953.2,47_50
3388,833.4,47_51
3389,833.4,47_52
3390,389.8,47_53
3391,480.8,47_54
3392,422.8,47_55
3393,493.7,47_56
3412,762.6,48_4
3413,755.4,48_5
3414,681.5,48_6
3415,692.5,48_7
3416,565.2,48_8
3417,520.3,48_9
3418,473.2,48_10
3419,413.9,48_11
3420,350.9,48_12
3421,307.3,48_13
3422,296.9,48_14
3423,288.2,48_15
3424,220.3,48_16
3425,169.7,48_17
3426,159.8,48_18
3427,164.1,48_19
3428,203.5,48_20
3429,252.3,48_21
3430,283.3,48_22
3431,255.4,48_23
3432,314.1,48_24
3433,152.8,48_25
3434,187.8,48_26
3435,237.5,48_27
3436,333.8,48_28
3437,413.0,48_29
3438,365.5,48_30
3439,280.4,48_31
3440,209.6,48_32
3441,141.9,48_33
3442,417.9,48_34
3443,272.0,48_35
3444,339.6,48_36
3445,253.0,48_37
3446,174.1,48_38
3447,146.7,48_39
3448,88.8,48_40
3449,140.8,48_41
3450,207.9,48_42
3451,209.9,48_43
3452,325.2,48_44
3453,352.1,48_45
3454,316.9,48_46
3455,514.4,48_47
3456,500.4,48_48
3457,500.4,48_49
3458,345.8,48_50
3459,534.3,48_51
3460,581.8,48_52
3461,338.1,48_53
3462,375.7,48_54
3463,417.6,48_55
3464,500.1,48_56
3465,533.6,48_57
3483,720.5,49_4
3484,675.9,49_5
3485,686.0,49_6
3486,665.9,49_7
3487,608.9,49_8
3488,560.0,49_9
3489,608.3,49_10
3490,425.3,49_11
3491,469.8,49_12
3492,414.1,49_13
3493,364.1,49_14
3494,287.6,49_15
3495,240.6,49_16
3496,205.5,49_17
3497,245.2,49_18
3498,250.3,49_19
3499,249.5,49_20
3500,236.0,49_21
3501,218.4,49_22
3502,189.0,49_23
3503,133.2,49_24
3504,149.6,49_25
3505,115.5,49_26
3506,203.5,49_27
3507,308.5,49_28
3508,345.5,49_29
3509,416.4,49_30
3510,240.8,49_31
3511,159.5,49_32
3512,95.7,49_33
3513,153.6,49_34
3514,416.9,49_35
3515,313.6,49_36
3516,236.5,49_37
3517,147.4,49_38
3518,103.8,49_39
3519,55.7,49_40
3520,112.9,49_41
3521,177.3,49_42
3522,219.4,49_43
3523,221.4,49_44
3524,245.5,49_45
3525,288.1,49_46
3526,393.8,49_47
3527,323.3,49_48
3528,331.9,49_49
3529,298.5,49_50
3530,355.6,49_51
3531,378.1,49_52
3532,292.5,49_53
3533,385.1,49_54
3534,435.1,49_55
3535,500.2,49_56
3536,521.6,49_57
3554,670.0,50_4
3555,647.2,50_5
3556,680.0,50_6
3557,625.5,50_7
3558,585.6,50_8
3559,518.5,50_9
3560,572.0,50_10
3561,507.6,50_11
3562,419.2,50_12
3563,451.5,50_13
3564,381.5,50_14
3565,355.4,50_15
3566,298.1,50_16
3567,272.5,50_17
3568,307.1,50_18
3569,284.5,50_19
3570,304.6,50_20
3571,276.4,50_21
3572,204.7,50_22
3573,163.0,50_23
3574,103.5,50_24
3575,0.0,50_25
3576,117.3,50_26
3577,201.2,50_27
3578,301.8,50_28
3579,323.6,50_29
3580,278.3,50_30
3581,197.9,50_31
3582,155.7,50_32
3583,0.0,50_33
3584,100.8,50_34
3585,371.5,50_35
3586,248.9,50_36
3587,223.3,50_37
3588,218.7,50_38
3589,169.7,50_39
3590,0.0,50_40
3591,102.7,50_41
3592,123.4,50_42
3593,201.9,50_43
3594,249.1,50_44
3595,281.7,50_45
3596,280.8,50_46
3597,215.0,50_47
3598,243.7,50_48
3599,236.4,50_49
3600,197.3,50_50
3601,289.2,50_51
3602,263.4,50_52
3603,302.8,50_53
3604,341.6,50_54
3605,411.3,50_55
3606,426.4,50_56
3607,450.9,50_57
3625,675.6,51_4
3626,810.8,51_5
3627,557.1,51_6
3628,538.9,51_7
3629,550.3,51_8
3630,463.4,51_9
3631,551.7,51_10
3632,467.0,51_11
3633,418.3,51_12
3634,378.1,51_13
3635,347.5,51_14
3636,351.8,51_15
3637,347.5,51_16
3638,312.3,51_17
3639,357.3,51_18
3640,379.3,51_19
3641,361.6,51_20
3642,300.4,51_21
3643,226.2,51_22
3644,184.8,51_23
3645,183.2,51_24
3646,114.4,51_25
3647,204.9,51_26
3648,210.9,51_27
3649,340.4,51_28
3650,365.9,51_29
3651,267.2,51_30
3652,204.6,51_31
3653,154.8,51_32
3654,132.3,51_33
3655,218.4,51_34
3656,332.6,51_35
3657,363.2,51_36
3658,308.3,51_37
3659,248.6,51_38
3660,179.8,51_39
3661,135.1,51_40
3662,125.8,51_41
3663,192.3,51_42
3664,248.3,51_43
3665,255.0,51_44
3666,316.0,51_45
3667,230.9,51_46
3668,175.8,51_47
3669,160.7,51_48
3670,147.3,51_49
3671,145.1,51_50
3672,226.7,51_51
3673,209.3,51_52
3674,298.1,51_53
3675,363.5,51_54
3676,398.4,51_55
3677,425.1,51_56
3679,471.7,51_58
3697,589.1,52_5
3698,550.6,52_6
3699,524.5,52_7
3700,477.9,52_8
3701,473.9,52_9
3702,402.1,52_10
3703,411.1,52_11
3704,395.4,52_12
3705,337.5,52_13
3706,268.0,52_14
3707,321.9,52_15
3708,235.4,52_16
3709,329.4,52_17
3710,407.6,52_18
3711,419.2,52_19
3712,375.1,52_20
3713,309.5,52_21
3714,318.1,52_22
3715,254.3,52_23
3716,223.3,52_24
3717,184.4,52_25
3718,155.9,52_26
3719,252.8,52_27
3720,291.2,52_28
3721,283.7,52_29
3722,291.0,52_30
3723,277.3,52_31
3724,211.6,52_32
3725,245.4,52_33
3726,253.4,52_34
3727,289.7,52_35
3728,307.6,52_36
3729,349.3,52_37
3730,267.6,52_38
3731,243.7,52_39
3732,186.3,52_40
3733,214.8,52_41
3734,221.3,52_42
3735,230.0,52_43
3736,304.4,52_44
3737,281.9,52_45
3738,249.0,52_46
3739,192.2,52_47
3740,124.1,52_48
3741,0.0,52_49
3742,198.5,52_50
3743,188.4,52_51
3744,261.1,52_52
3745,280.0,52_53
3746,385.7,52_54
3747,458.3,52_55
3748,496.1,52_56
3768,635.9,53_5
3769,574.3,53_6
3770,603.2,53_7
3771,619.5,53_8
3772,428.0,53_9
3773,384.0,53_10
3774,388.5,53_11
3775,316.3,53_12
3776,329.2,53_13
3777,259.1,53_14
3778,250.1,53_15
3779,188.9,53_16
3780,260.7,53_17
3781,334.3,53_18
3782,371.3,53_19
3783,430.6,53_20
3784,360.2,53_21
3785,325.3,53_22
3786,347.6,53_23
3787,315.3,53_24
3788,195.5,53_25
3789,234.1,53_26
3790,317.2,53_27
3791,301.3,53_28
3792,244.3,53_29
3793,316.8,53_30
3794,315.8,53_31
3795,293.3,53_32
3796,313.6,53_33
3797,346.6,53_34
3798,304.3,53_35
3799,393.7,53_36
3800,402.3,53_37
3801,336.4,53_38
3802,289.5,53_39
3803,215.1,53_40
3804,241.3,53_41
3805,216.9,53_42
3806,249.7,53_43
3807,339.5,53_44
3808,286.5,53_45
3809,236.4,53_46
3810,201.2,53_47
3811,197.8,53_48
3812,229.3,53_49
3813,313.2,53_50
3814,208.8,53_51
3815,295.0,53_52
3816,349.9,53_53
3817,396.5,53_54
3818,490.3,53_55
3819,544.2,53_56
3820,635.6,53_57
3838,672.6,54_4
3839,752.0,54_5
3840,717.8,54_6
3841,527.0,54_7
3842,498.5,54_8
3843,421.3,54_9
3844,450.4,54_10
3845,344.0,54_11
3846,265.4,54_12
3847,228.5,54_13
3848,215.3,54_14
3849,171.9,54_15
3850,146.5,54_16
3851,270.9,54_17
3852,342.1,54_18
3853,343.6,54_19
3854,359.9,54_20
3855,465.8,54_21
3856,404.3,54_22
3857,344.5,54_23
3858,281.9,54_24
3859,251.7,54_25
3860,283.5,54_26
3861,235.0,54_27
3862,230.4,54_28
3863,206.2,54_29
3864,263.4,54_30
3865,250.4,54_31
3866,365.5,54_32
3867,347.2,54_33
3868,389.4,54_34
3869,393.2,54_35
3870,619.2,54_36
3871,403.0,54_37
3872,354.6,54_38
3873,314.4,54_39
3874,320.9,54_40
3875,372.3,54_41
3876,246.1,54_42
3877,345.0,54_43
3878,362.0,54_44
3879,424.3,54_45
3880,328.1,54_46
3881,231.8,54_47
3882,266.1,54_48
3883,235.3,54_49
3884,304.8,54_50
3885,207.6,54_51
3886,261.1,54_52
3887,312.1,54_53
3888,464.7,54_54
3889,527.5,54_55
3890,583.2,54_56
3907,773.6,55_2
3908,745.5,55_3
3909,961.6,55_4
3910,701.6,55_5
3911,677.3,55_6
3912,593.6,55_7
3913,507.5,55_8
3914,476.8,55_9
3915,543.9,55_10
3916,442.4,55_11
3917,252.5,55_12
3918,151.4,55_13
3919,180.3,55_14
3920,115.6,55_15
3921,115.1,55_16
3922,205.8,55_17
3923,255.4,55_18
3924,328.9,55_19
3925,387.5,55_20
3926,437.8,55_21
3927,405.9,55_22
3928,353.7,55_23
3929,326.8,55_24
3930,316.1,55_25
3931,289.1,55_26
3932,304.8,55_27
3933,158.6,55_28
3934,149.2,55_29
3935,190.0,55_30
3936,255.9,55_31
3937,319.9,55_32
3938,394.8,55_33
3939,358.6,55_34
3940,408.0,55_35
3941,430.2,55_36
3942,363.9,55_37
3943,435.4,55_38
3944,369.1,55_39
3945,355.8,55_40
3946,353.3,55_41
3947,299.2,55_42
3948,330.7,55_43
3949,333.9,55_44
3950,372.1,55_45
3951,335.7,55_46
3952,299.1,55_47
3953,321.0,55_48
3954,310.9,55_49
3955,313.5,55_50
3956,302.4,55_51
3958,387.5,55_53
3959,396.4,55_54
3960,458.8,55_55
3961,509.4,55_56
3977,798.1,56_1
3981,989.7,56_5
3982,668.4,56_6
3983,574.9,56_7
3984,472.7,56_8
3985,432.4,56_9
3986,446.8,56_10
3987,361.2,56_11
3988,268.4,56_12
3989,170.4,56_13
3990,86.4,56_14
3991,0.0,56_15
3992,203.4,56_16
3993,238.2,56_17
3994,258.1,56_18
3995,345.1,56_19
3996,442.2,56_20
3997,470.3,56_21
3998,544.8,56_22
3999,366.0,56_23
4000,324.1,56_24
4001,325.8,56_25
4002,290.6,56_26
4003,235.0,56_27
4004,218.8,56_28
4005,136.9,56_29
4006,137.9,56_30
4007,248.2,56_31
4008,332.2,56_32
4009,338.6,56_33
4010,395.3,56_34
4011,485.5,56_35
4012,536.4,56_36
4013,435.4,56_37
4014,487.6,56_38
4015,413.5,56_39
4016,490.1,56_40
4017,421.2,56_41
4018,452.9,56_42
4019,452.9,56_43
4020,427.2,56_44
4021,378.9,56_45
4022,376.1,56_46
4023,470.1,56_47
4024,392.2,56_48
4025,366.3,56_49
4026,347.0,56_50
4027,353.0,56_51
4028,908.9,56_52
4029,424.6,56_53
4030,409.4,56_54
4031,370.1,56_55
4047,826.0,57_0
4048,798.1,57_1
4049,868.5,57_2
4050,628.5,57_3
4052,561.3,57_5
4053,531.8,57_6
4054,531.2,57_7
4055,450.7,57_8
4056,433.1,57_9
4057,352.2,57_10
4058,290.0,57_11
4059,266.2,57_12
4060,196.5,57_13
4061,133.6,57_14
4062,199.1,57_15
4063,257.0,57_16
4064,282.2,57_17
4065,306.0,57_18
4066,361.6,57_19
4067,419.7,57_20
4068,406.0,57_21
4069,418.8,57_22
4070,374.0,57_23
4071,410.1,57_24
4072,338.3,57_25
4073,332.8,57_26
4074,168.7,57_27
4075,133.7,57_28
4076,0.0,57_29
4077,163.6,57_30
4078,288.4,57_31
4079,310.9,57_32
4080,404.4,57_33
4081,452.4,57_34
4082,493.8,57_35
4083,454.6,57_36
4084,501.0,57_37
4085,507.5,57_38
4086,500.4,57_39
4087,488.5,57_40
4088,397.5,57_41
4089,372.4,57_42
4090,404.7,57_43
4091,450.0,57_44
4092,417.2,57_45
4093,437.9,57_46
4094,413.9,57_47
4095,459.4,57_48
4096,443.4,57_49
4097,370.1,57_50
4098,375.8,57_51
4118,769.4,58_0
4119,723.0,58_1
4120,692.2,58_2
4121,634.5,58_3
4122,610.7,58_4
4123,596.0,58_5
4126,533.5,58_8
4127,423.1,58_9
4128,394.9,58_10
4129,353.6,58_11
4130,284.7,58_12
4131,197.0,58_13
4132,223.5,58_14
4133,149.0,58_15
4134,231.3,58_16
4135,219.7,58_17
4136,308.1,58_18
4137,371.5,58_19
4138,493.7,58_20
4139,461.1,58_21
4140,426.3,58_22
4141,445.7,58_23
4142,381.6,58_24
4143,310.6,58_25
4144,232.2,58_26
4145,183.3,58_27
4146,116.8,58_28
4147,88.2,58_29
4148,171.3,58_30
4149,240.4,58_31
4150,282.5,58_32
4151,368.2,58_33
4152,454.8,58_34
4153,595.5,58_35
4154,562.9,58_36
4155,532.8,58_37
4156,568.2,58_38
4157,515.0,58_39
4158,538.9,58_40
4159,454.9,58_41
4160,501.3,58_42
4161,568.7,58_43
4162,521.2,58_44
4163,513.8,58_45
4164,477.0,58_46
4165,522.8,58_47
4166,515.2,58_48
4167,549.4,58_49
4168,969.2,58_50
4169,405.0,58_51
4190,762.5,59_1
4193,597.8,59_4
4194,598.4,59_5
4195,548.1,59_6
4196,621.6,59_7
4197,526.4,59_8
4198,504.6,59_9
4199,394.9,59_10
4200,331.2,59_11
4201,270.1,59_12
4202,343.0,59_13
4203,248.6,59_14
4204,271.9,59_15
4205,206.9,59_16
4206,279.3,59_17
4207,324.9,59_18
4208,615.8,59_19
4209,671.0,59_20
4210,500.9,59_21
4211,521.5,59_22
4212,423.1,59_23
4213,464.7,59_24
4214,489.6,59_25
4215,351.1,59_26
4216,329.7,59_27
4217,226.9,59_28
4218,167.8,59_29
4219,172.5,59_30
4220,223.4,59_31
4221,346.1,59_32
4222,339.6,59_33
4223,433.4,59_34
4224,516.8,59_35
4225,616.3,59_36
4226,515.3,59_37
4227,661.9,59_38
4228,639.0,59_39
4229,510.5,59_40
4230,437.5,59_41
4231,519.9,59_42
4232,802.2,59_43
4234,641.9,59_45
4235,581.8,59_46
4236,644.8,59_47
4237,592.0,59_48
4238,735.5,59_49
4239,607.3,59_50
4264,693.7,60_4
4265,633.1,60_5
4266,561.2,60_6
4267,567.0,60_7
4268,471.1,60_8
4269,411.6,60_9
4270,504.9,60_10
4271,605.9,60_11
4272,398.8,60_12
4273,415.8,60_13
4274,280.3,60_14
4275,281.7,60_15
4276,273.7,60_16
4277,410.1,60_17
4278,399.1,60_18
4279,406.7,60_19
4280,787.2,60_20
4281,641.1,60_21
4282,479.3,60_22
4283,370.8,60_23
4284,504.3,60_24
4285,495.1,60_25
4286,801.1,60_26
4287,332.4,60_27
4288,214.6,60_28
4289,255.4,60_29
4290,223.8,60_30
4291,240.3,60_31
4292,475.0,60_32
4293,402.4,60_33
4294,433.0,60_34
4295,482.2,60_35
4296,583.7,60_36
4297,518.5,60_37
4298,673.4,60_38
4299,558.4,60_39
4300,814.0,60_40
4301,656.6,60_41
4302,715.0,60_42
4303,640.6,60_43
4304,728.8,60_44
4306,625.7,60_46
4307,572.4,60_47
4308,468.4,60_48
4335,689.7,61_4
4336,643.7,61_5
4337,638.6,61_6
4338,579.1,61_7
4339,525.5,61_8
4340,517.2,61_9
4341,452.2,61_10
4342,408.0,61_11
4343,634.6,61_12
4344,349.2,61_13
4345,379.0,61_14
4346,299.8,61_15
4347,296.6,61_16
4348,351.6,61_17
4349,363.2,61_18
4350,422.4,61_19
4351,452.5,61_20
4352,381.8,61_21
4353,469.5,61_22
4354,497.6,61_23
4355,529.2,61_24
4356,671.9,61_25
4357,913.1,61_26
4358,284.0,61_27
4359,339.5,61_28
4360,330.3,61_29
4361,312.4,61_30
4362,480.9,61_31
4363,506.9,61_32
4364,496.6,61_33
4365,507.1,61_34
4366,542.8,61_35
4367,593.6,61_36
4368,476.3,61_37
4370,742.4,61_39
4371,669.1,61_40
4372,605.4,61_41
4373,678.4,61_42
4374,751.0,61_43
4375,803.0,61_44
4376,732.8,61_45
4404,816.9,62_2
4405,790.9,62_3
4406,764.2,62_4
4407,719.7,62_5
4408,681.9,62_6
4409,578.3,62_7
4410,587.2,62_8
4411,613.8,62_9
4412,470.9,62_10
4413,398.9,62_11
4414,375.2,62_12
4415,341.1,62_13
4416,488.6,62_14
4417,374.3,62_15
4418,340.3,62_16
4419,382.5,62_17
4420,558.4,62_18
4421,543.8,62_19
4422,500.1,62_20
4423,386.0,62_21
4424,455.8,62_22
4425,366.9,62_23
4426,649.6,62_24
4427,438.7,62_25
4428,384.6,62_26
4429,387.9,62_27
4430,373.8,62_28
4431,356.0,62_29
4432,330.3,62_30
4433,330.7,62_31
4434,429.0,62_32
4435,404.1,62_33
4436,414.6,62_34
4437,520.3,62_35
4438,563.9,62_36
4439,627.1,62_37
4440,650.6,62_38
4441,880.6,62_39
4443,679.2,62_41
4475,799.3,63_2
4476,767.6,63_3
4477,719.9,63_4
4478,715.5,63_5
4479,684.8,63_6
4480,695.0,63_7
4481,596.2,63_8
4482,546.6,63_9
4483,436.2,63_10
4484,462.5,63_11
4485,429.6,63_12
4486,445.6,63_13
4487,532.7,63_14
4488,430.4,63_15
4489,373.4,63_16
4490,452.4,63_17
4491,491.7,63_18
4493,432.0,63_20
4494,241.1,63_21
4495,794.5,63_22
4496,766.4,63_23
4497,619.9,63_24
4498,475.7,63_25
4499,268.9,63_26
4500,361.0,63_27
4501,342.6,63_28
4502,380.4,63_29
4503,369.2,63_30
4504,380.2,63_31
4505,348.5,63_32
4506,433.6,63_33
4507,371.3,63_34
4508,422.3,63_35
4509,753.4,63_36
4512,942.0,63_39
4513,716.2,63_40
4514,709.9,63_41
4550,648.9,64_6
4551,614.8,64_7
4552,575.0,64_8
4553,535.3,64_9
4554,503.8,64_10
4555,471.4,64_11
4556,484.7,64_12
4557,552.1,64_13
4558,293.6,64_14
4559,401.5,64_15
4560,386.8,64_16
4561,341.4,64_17
4562,366.6,64_18
4563,588.7,64_19
4564,490.5,64_20
4565,207.9,64_21
4566,315.8,64_22
4567,343.6,64_23
4568,310.4,64_24
4569,221.2,64_25
4570,255.6,64_26
4571,268.4,64_27
4572,312.0,64_28
4573,272.4,64_29
4574,356.0,64_30
4575,283.8,64_31
4576,319.0,64_32
4577,377.7,64_33
4578,636.1,64_34
4583,520.6,64_39
4585,620.6,64_41
4621,677.7,65_6
4622,660.6,65_7
4624,586.9,65_9
4625,656.5,65_10
4626,564.8,65_11
4629,505.2,65_14
4630,403.2,65_15
4631,433.8,65_16
4632,389.2,65_17
4634,361.3,65_19
4635,461.8,65_20
4636,392.8,65_21
4637,296.9,65_22
4638,298.9,65_23
4639,259.7,65_24
4640,195.0,65_25
4641,234.1,65_26
4642,230.1,65_27
4643,250.9,65_28
4644,290.6,65_29
4645,267.5,65_30
4646,330.9,65_31
4647,348.4,65_32
4691,814.6,66_5
4692,703.9,66_6
4693,751.1,66_7
4695,645.7,66_9
4696,671.9,66_10
4698,620.0,66_12
4699,534.6,66_13
4700,491.2,66_14
4701,510.8,66_15
4702,577.1,66_16
4703,316.7,66_17
4704,426.6,66_18
4705,182.0,66_19
4706,162.4,66_20
4707,532.6,66_21
4708,171.0,66_22
4709,163.6,66_23
4710,113.4,66_24
4711,171.8,66_25
4712,149.3,66_26
4713,173.8,66_27
4714,147.5,66_28
4715,197.0,66_29
4716,884.7,66_30
4762,849.4,67_5
4763,785.4,67_6
4764,697.9,67_7
4765,688.4,67_8
4769,577.7,67_12
4770,544.1,67_13
4771,523.8,67_14
4772,495.1,67_15
4774,443.5,67_17
4775,447.6,67_18
4776,504.0,67_19
4777,524.3,67_20
4778,543.5,67_21
4779,219.4,67_22
4780,109.7,67_23
4781,0.0,67_24
4782,813.9,67_25
4783,178.2,67_26
4784,238.6,67_27
4785,259.1,67_28
4786,868.8,67_29
4830,902.6,68_2
4831,812.2,68_3
4832,790.5,68_4
4836,751.8,68_8
4840,627.5,68_12
4843,578.7,68_15
4844,505.5,68_16
4845,422.6,68_17
4846,402.4,68_18
4847,446.1,68_19
4848,517.9,68_20
4849,372.0,68_21
4850,184.0,68_22
4851,447.1,68_23
4852,595.3,68_24
4900,948.8,69_1
4901,903.2,69_2
4902,923.0,69_3
4906,866.9,69_7
4907,773.6,69_8
4908,838.2,69_9
4909,767.2,69_10
4910,764.5,69_11
4911,670.1,69_12
4914,647.0,69_15
4915,492.6,69_16
4916,462.0,69_17
4917,451.6,69_18
4918,329.0,69_19
4919,259.5,69_20
4920,312.3,69_21
4921,255.9,69_22
4922,406.9,69_23
4923,216.8,69_24
4972,1052.5,70_2
4978,776.0,70_8
4979,747.3,70_9
4982,671.3,70_12
4984,649.5,70_14
4986,520.3,70_16
4989,283.8,70_19
4990,256.5,70_20
4991,253.6,70_21
4992,271.1,70_22
4993,243.4,70_23
5045,1036.4,71_4
5048,864.9,71_7
5051,703.5,71_10
5052,664.5,71_11
5053,636.7,71_12
5054,766.7,71_13
5055,525.6,71_14
5056,509.8,71_15
5057,399.6,71_16
5060,301.4,71_19
5061,253.7,71_20
5062,408.6,71_21
5063,603.3,71_22
5119,860.9,72_7
5120,770.6,72_8
5121,733.7,72_9
5122,693.1,72_10
5123,648.1,72_11
5124,648.9,72_12
5125,552.9,72_13
5126,458.4,72_14
5127,440.1,72_15
5129,408.8,72_17
5131,297.2,72_19
5132,569.4,72_20
5187,1032.7,73_4
5189,980.3,73_6
5192,745.5,73_9
5193,768.4,73_10
5194,592.8,73_11
5196,599.9,73_13
5197,545.7,73_14
5201,358.3,73_18
5202,323.3,73_19
5203,422.5,73_20
5258,989.0,74_4
5260,891.1,74_6
5262,760.9,74_8
5263,716.1,74_9
5264,694.6,74_10
5265,604.7,74_11
5266,541.9,74_12
5267,507.9,74_13
5268,528.1,74_14
5271,397.0,74_17
5272,462.4,74_18
5273,355.6,74_19
5274,358.1,74_20
5275,314.7,74_21
5276,495.9,74_22
5327,948.8,75_2
5328,955.3,75_3
5329,984.3,75_4
5330,946.8,75_5
5331,876.4,75_6
5332,805.9,75_7
5333,749.0,75_8
5334,736.5,75_9
5335,681.6,75_10
5336,577.3,75_11
5337,728.6,75_12
5338,562.0,75_13
5342,429.3,75_17
5343,566.4,75_18
5344,521.5,75_19
5345,376.6,75_20
5346,371.9,75_21
5399,962.5,76_3
5403,834.5,76_7
5404,732.9,76_8
5405,723.7,76_9
5406,661.1,76_10
5407,703.9,76_11
5408,609.5,76_12
5409,647.9,76_13
5410,665.6,76_14
5411,593.9,76_15
5412,513.5,76_16
5413,470.3,76_17
5414,506.3,76_18
5415,545.1,76_19
5416,433.6,76_20
5417,347.8,76_21
5418,485.0,76_22
5471,919.4,77_4
5472,847.2,77_5
5474,786.4,77_7
5475,709.1,77_8
5476,853.3,77_9
5477,693.0,77_10
5478,670.8,77_11
5479,754.8,77_12
5480,629.1,77_13
5481,609.1,77_14
5483,514.5,77_16
5484,577.1,77_17
5485,532.8,77_18
5486,496.1,77_19
5487,492.6,77_20
5488,526.9,77_21
5489,549.1,77_22
5543,794.9,78_5
5544,823.2,78_6
5545,746.1,78_7
5546,774.5,78_8
5547,661.4,78_9
5548,731.5,78_10
5549,697.4,78_11
5552,650.6,78_14
5554,560.6,78_16
5555,591.5,78_17
5557,566.7,78_19
5558,551.2,78_20
5559,516.6,78_21
5560,490.8,78_22
5614,769.0,79_5
5616,726.2,79_7
5617,611.5,79_8
5618,594.1,79_9
5620,570.2,79_11
5621,678.7,79_12
5622,696.8,79_13
5625,585.8,79_16
5626,599.3,79_17
5629,555.2,79_20
5630,533.9,79_21
5631,507.2,79_22
5632,539.3,79_23
5633,598.4,79_24
5634,724.6,79_25
5686,623.7,80_6
5687,704.6,80_7
5688,578.6,80_8
5689,576.4,80_9
5690,534.4,80_10
5691,551.0,80_11
5692,593.7,80_12
5693,690.1,80_13
5694,577.6,80_14
5695,561.6,80_15
5696,553.7,80_16
5699,617.4,80_19
5700,444.6,80_20
5701,527.3,80_21
5703,552.3,80_23
5704,600.1,80_24
5761,489.3,81_10
5762,519.7,81_11
5763,551.0,81_12
5764,692.4,81_13
5765,622.9,81_14
5766,516.6,81_15
5767,564.9,81_16
5769,581.8,81_18
5770,572.7,81_19
5771,431.8,81_20
5773,610.8,81_22
5774,598.7,81_23
5831,394.8,82_9
5832,407.2,82_10
5833,427.1,82_11
5834,500.9,82_12
5835,559.5,82_13
5836,568.8,82_14
5837,471.9,82_15
5838,559.1,82_16
5839,556.0,82_17
5840,529.2,82_18
5841,501.6,82_19
5844,631.9,82_22
5845,619.3,82_23
5846,612.7,82_24
5902,341.1,83_9
5903,318.4,83_10
5904,394.9,83_11
5905,477.5,83_12
5906,508.8,83_13
5907,452.6,83_14
5908,446.9,83_15
5909,536.6,83_16
5910,556.1,83_17
5911,586.6,83_18
5912,379.0,83_19
5913,454.7,83_20
5914,598.7,83_21
5915,617.4,83_22
5916,726.7,83_23
5972,355.7,84_8
5973,370.8,84_9
5974,272.0,84_10
5975,373.8,84_11
5976,369.6,84_12
5977,438.5,84_13
5978,408.2,84_14
5979,423.8,84_15
5980,489.6,84_16
5982,549.0,84_18
5983,555.3,84_19
5984,508.2,84_20
5985,560.3,84_21
5986,626.7,84_22
5987,645.3,84_23
5988,709.2,84_24
5989,748.7,84_25
6043,260.7,85_8
6044,362.5,85_9
6045,223.6,85_10
6046,322.9,85_11
6047,329.9,85_12
6048,388.0,85_13
6049,360.3,85_14
6050,387.2,85_15
6051,417.4,85_16
6052,430.8,85_17
6053,326.9,85_18
6054,639.1,85_19
6055,720.8,85_20
6058,650.5,85_23
6059,681.8,85_24
6114,246.4,86_8
6115,219.4,86_9
6116,177.5,86_10
6117,336.8,86_11
6118,283.3,86_12
6119,330.0,86_13
6120,324.5,86_14
6121,362.0,86_15
6122,364.1,86_16
6123,293.7,86_17
6124,372.1,86_18
6125,450.3,86_19
6126,528.2,86_20
6127,599.9,86_21
6128,637.0,86_22
6129,614.5,86_23
6183,351.9,87_6
6184,286.2,87_7
6185,487.7,87_8
6186,200.8,87_9
6187,212.4,87_10
6188,269.5,87_11
6189,254.1,87_12
6190,258.4,87_13
6191,274.8,87_14
6192,312.4,87_15
6193,415.4,87_16
6194,385.2,87_17
6195,462.9,87_18
6196,465.6,87_19
6197,502.4,87_20
6198,576.1,87_21
6199,602.0,87_22
6200,624.9,87_23
6201,729.0,87_24
6252,352.2,88_4
6253,332.8,88_5
6254,349.9,88_6
6255,371.9,88_7
6256,412.6,88_8
6257,221.6,88_9
6258,142.3,88_10
6259,266.4,88_11
6260,205.1,88_12
6261,230.0,88_13
6262,267.8,88_14
6263,341.8,88_15
6264,335.3,88_16
6265,410.6,88_17
6266,457.6,88_18
6267,513.8,88_19
6268,549.2,88_20
6269,484.9,88_21
6270,518.2,88_22
6271,565.3,88_23
6272,491.9,88_24
6323,345.8,89_4
6324,327.0,89_5
6325,401.8,89_6
6326,363.7,89_7
6327,271.7,89_8
6328,178.6,89_9
6329,0.0,89_10
6330,112.3,89_11
6331,366.6,89_12
6332,263.6,89_13
6333,303.5,89_14
6334,361.2,89_15
6335,289.6,89_16
6336,379.0,89_17
6337,387.8,89_18
6338,492.0,89_19
6339,433.9,89_20
6340,448.4,89_21
6341,468.0,89_22
6342,433.8,89_23
6343,514.8,89_24
6395,341.7,90_5
6396,245.5,90_6
6397,221.4,90_7
6398,220.4,90_8
6399,166.8,90_9
6400,357.2,90_10
6401,315.8,90_11
6402,276.6,90_12
6403,302.4,90_13
6404,252.9,90_14
6405,250.2,90_15
6406,300.3,90_16
6407,350.6,90_17
6408,343.7,90_18
6409,419.2,90_19
6410,386.7,90_20
6411,357.6,90_21
6412,485.6,90_22
6413,496.4,90_23
6414,527.0,90_24
6415,563.4,90_25
6416,583.7,90_26
6468,306.3,91_7
6469,217.7,91_8
6470,174.4,91_9
6471,245.3,91_10
6472,257.7,91_11
6473,266.8,91_12
6474,227.4,91_13
6475,223.9,91_14
6476,189.7,91_15
6477,263.2,91_16
6478,295.4,91_17
6479,301.4,91_18
6480,306.0,91_19
6481,310.6,91_20
6482,370.7,91_21
6483,413.9,91_22
6484,438.8,91_23
6485,463.5,91_24
6486,534.6,91_25
6487,599.3,91_26
6538,370.5,92_6
6539,336.7,92_7
6540,213.9,92_8
6541,225.1,92_9
6542,261.0,92_10
6543,246.6,92_11
6544,184.0,92_12
6545,237.2,92_13
6546,455.1,92_14
6547,171.2,92_15
6548,218.5,92_16
6549,252.0,92_17
6550,255.4,92_18
6551,325.2,92_19
6552,307.1,92_20
6553,327.6,92_21
6554,386.3,92_22
6555,389.7,92_23
6556,688.2,92_24
6557,491.0,92_25
6608,434.6,93_5
6609,379.3,93_6
6610,336.6,93_7
6611,352.4,93_8
6612,273.1,93_9
6613,313.6,93_10
6614,294.2,93_11
6615,233.8,93_12
6616,104.1,93_13
6617,79.4,93_14
6618,212.9,93_15
6619,146.8,93_16
6620,219.4,93_17
6621,247.5,93_18
6622,281.2,93_19
6623,266.4,93_20
6624,262.0,93_21
6625,288.4,93_22
6626,355.2,93_23
6627,350.2,93_24
6679,388.9,94_5
6680,379.0,94_6
6681,369.9,94_7
6682,355.9,94_8
6683,352.1,94_9
6684,319.2,94_10
6685,279.4,94_11
6686,183.3,94_12
6687,133.1,94_13
6688,0.0,94_14
6689,104.5,94_15
6690,142.8,94_16
6691,219.9,94_17
6692,316.6,94_18
6693,285.9,94_19
6694,194.8,94_20
6695,218.5,94_21
6696,238.7,94_22
6697,242.6,94_23
6698,284.3,94_24
6751,563.9,95_6
6752,438.2,95_7
6753,425.3,95_8
6754,391.9,95_9
6755,319.3,95_10
6756,254.9,95_11
6757,252.1,95_12
6758,227.4,95_13
6759,183.7,95_14
6760,140.6,95_15
6761,209.0,95_16
6762,268.5,95_17
6763,227.1,95_18
6764,149.9,95_19
6765,141.0,95_20
6766,162.5,95_21
6767,217.4,95_22
6768,187.5,95_23
6822,423.3,96_6
6823,626.3,96_7
6824,382.7,96_8
6825,388.4,96_9
6826,314.7,96_10
6827,265.7,96_11
6828,254.9,96_12
6829,218.7,96_13
6830,196.3,96_14
6831,201.0,96_15
6832,243.8,96_16
6833,255.4,96_17
6834,163.5,96_18
6835,112.6,96_19
6836,46.2,96_20
6837,93.4,96_21
6838,175.8,96_22
6839,201.2,96_23
6840,245.4,96_24
6893,458.9,97_6
6894,551.5,97_7
6895,543.1,97_8
6896,389.1,97_9
6897,271.3,97_10
6898,411.2,97_11
6899,272.8,97_12
6900,225.9,97_13
6901,239.1,97_14
6902,231.5,97_15
6903,214.4,97_16
6904,220.5,97_17
6905,117.5,97_18
6906,146.4,97_19
6907,0.0,97_20
6908,48.3,97_21
6909,139.7,97_22
6910,187.4,97_23
6911,225.9,97_24
6912,193.2,97_25
6964,467.8,98_6
6965,458.0,98_7
6966,337.6,98_8
6967,300.7,98_9
6968,270.5,98_10
6969,281.7,98_11
6970,336.3,98_12
6971,281.2,98_13
6972,256.8,98_14
6973,279.4,98_15
6974,244.2,98_16
6975,196.8,98_17
6976,187.8,98_18
6977,143.6,98_19
6978,70.1,98_20
6979,160.1,98_21
6980,128.6,98_22
6981,148.4,98_23
6982,201.5,98_24
6983,223.2,98_25
7035,445.8,99_6
7036,435.3,99_7
7037,419.5,99_8
7038,290.6,99_9
7039,176.4,99_10
7040,212.6,99_11
7041,285.0,99_12
7042,209.8,99_13
7043,226.4,99_14
7044,277.0,99_15
7045,283.4,99_16
7046,264.4,99_17
7047,217.9,99_18
7048,160.5,99_19
7049,121.4,99_20
7050,144.5,99_21
7051,199.8,99_22
7052,238.8,99_23
7053,315.2,99_24
7054,329.7,99_25
7106,455.0,100_6
7107,464.4,100_7
7108,349.5,100_8
7109,383.0,100_9
7110,245.4,100_10
7111,123.8,100_11
7112,158.2,100_12
7113,206.6,100_13
7114,154.4,100_14
7115,216.7,100_15
7116,262.9,100_16
7117,357.9,100_17
7118,331.2,100_18
7119,161.1,100_19
7120,286.0,100_20
7121,275.3,100_21
7122,208.7,100_22
7123,304.9,100_23
7124,362.5,100_24
7125,383.8,100_25
7177,432.7,101_6
7178,551.8,101_7
7179,402.3,101_8
7180,359.7,101_9
7181,184.4,101_10
7182,209.7,101_11
7183,92.4,101_12
7184,0.0,101_13
7185,142.3,101_14
7186,193.5,101_15
7187,215.7,101_16
7188,276.0,101_17
7189,235.9,101_18
7190,234.8,101_19
7191,274.6,101_20
7192,367.0,101_21
7193,303.4,101_22
7194,333.1,101_23
7195,276.0,101_24
7196,397.2,101_25
7249,594.8,102_7
7250,318.9,102_8
7251,288.9,102_9
7252,292.1,102_10
7253,217.7,102_11
7254,166.9,102_12
7255,132.8,102_13
7256,155.5,102_14
7257,190.8,102_15
7258,209.0,102_16
7259,338.6,102_17
7260,237.6,102_18
7261,311.8,102_19
7262,428.6,102_20
7263,357.0,102_21
7264,485.2,102_22
7265,376.1,102_23
7321,461.5,103_8
7322,405.8,103_9
7323,326.5,103_10
7324,226.3,103_11
7325,180.7,103_12
7326,225.4,103_13
7327,261.2,103_14
7328,260.9,103_15
7329,245.6,103_16
7330,255.2,103_17
7331,282.0,103_18
7332,342.7,103_19
7333,384.8,103_20
7334,376.7,103_21
7335,397.2,103_22
7336,473.3,103_23
7393,538.9,104_9
7394,356.4,104_10
7395,219.0,104_11
7396,292.0,104_12
7397,228.7,104_13
7398,269.3,104_14
7399,330.2,104_15
7400,443.2,104_16
7401,429.5,104_17
7402,382.7,104_18
7403,367.4,104_19
7404,532.1,104_20
7406,433.7,104_22
7465,327.7,105_10
7466,340.5,105_11
7467,329.0,105_12
7468,230.6,105_13
7469,385.9,105_14
7471,482.4,105_16
7472,522.1,105_17
7473,665.9,105_18
7474,389.3,105_19
7475,426.6,105_20
7544,363.0,106_18
7545,416.9,106_19
